id,model_answer
0,400
1,15
2,200
3,0.6
4,3
5,1
6,1
7,2
8,6
9,2.1
10,345
11,6
12,5
13,+100
14,2
15,30000
16,7000
17,25
18,2
19,4
20,30
21,97.83
22,2
23,2.1
24,0.9
25,0.26
26,10
27,0.24
28,0.68
29,58
30,2
31,7
32,6.00
33,6.60
34,1.14
35,4.5
36,5
37,40
38,300
39,60
40,80
41,3
42,2
43,196
44,110
45,75
46,740
47,0
48,6
49,2
50,4
51,20
52,30
53,15
54,720
55,240
56,1.48
57,1.7
58,2.5
59,5
60,161
61,156
62,730
63,172
64,508
65,500
66,16
67,2
68,4
69,16
70,180
71,75
72,110
73,280
74,500
75,240
76,4.5
77,-20
78,2
79,3
80,2700
81,表中已给出，直接读取维生素
82,2
83,109.09
84,98.7
85,0
86,-2
87,1.8
88,150
89,15
90,4
91,3
92,2.9
93,2.20
94,1000
95,40
96,3
97,8
98,2.2
99,183
100,370
101,310
102,30
103,5
104,7.2
105,2
106,13
107,10.9
108,4
109,20.2
110,16.3
111,600
112,1500
113,2.3
114,2.3
115,76.4
116,4.55
117,48.4
118,17.4
119,25.9
120,-8
121,64
122,360
123,78
124,57
125,5
126,小球藻在食物链中处于最低端C
127,0
128,0.02
129,9
130,91
131,3
132,50
133,100
134,3
135,+0.882
136,随着研发投入的增加，产品销售量总体上是上升的。上升
137,3
138,3
139,50.02
140,499800
141,7
142,0.9
143,50
144,9
145,9.6
146,3
147,2
148,2627
149,1
150,1.69
151,方差越小，成绩越稳定乙
152,3
153,78
154,10.82
155,6
156,3
157,1300
158,0.56
159,20
160,2
161,54
162,200
163,0
164,2
165,+0.948
166,487
167,8
168,240
169,0.4
170,1.2
171,65
172,1
173,90
174,6
175,3
176,+10
177,60
178,2
179,39.13
180,5.60
181,+90
182,0.4
183,100
184,82
185,93
186,+0
187,0.6
188,10.4
189,50
190,60
191,78
192,160
193,2
194,2166.67
195,0.1875
196,2
197,1
198,44
199,2
200,1.67
201,19
202,2
203,0
204,25000
205,2
206,5
207,2
208,25
209,10
210,6.5
211,30
212,68
213,500
214,200
215,180
216,18
217,2600
218,17
219,3
220,10
221,50
222,4
223,67
224,6
225,30
226,2
227,12.1
228,1
229,1
230,1200
231,6
232,0
233,7.5
234,5
235,27
236,15
237,6.5
238,70
239,30
240,700
241,4
242,8
243,5.2
244,45
245,15
246,2
247,0.1
248,500
249,23
250,50
251,2
252,8
253,45.5
254,1.45
255,2
256,50
257,+25
258,331
259,320
260,3
261,4.5
262,216
263,1
264,3
265,13.3
266,毛巾的摩擦力最大毛巾
267,表中显示了不同温度下的实验结果，因此研究的是温度对种子萌发的影响。温度
268,62
269,2
270,250
271,12
272,4
273,2
274,5
275,68000
276,0.32
277,24
278,20
279,2013
280,0.1
281,+25
282,50
283,0.2
284,0
285,2
286,96.429
287,0.15
288,0.075
289,13.33
290,2
291,2
292,70
293,238
294,+24
295,2
296,47
297,20
298,48
299,0.96
300,9.0
301,1
302,-14
303,3
304,2
305,0.8
306,137
307,7.5
308,3
309,2
310,4
311,-9
312,85.5
313,+1
314,10.8
315,19.2
316,7
317,80
318,480
319,125
320,8
321,10
322,11
323,1
324,1.8
325,0.75
326,"表中已给出,在第四行第五列白化病"
327,50
328,240.0
329,3
330,6.86
331,0
332,1.0
333,194
334,84
335,2
336,10
337,3
338,1
339,13
340,0
341,2
342,2
343,70
344,20
345,0.435
346,3
347,4000
348,0.4
349,2
350,0.4
351,0.2
352,0.8
353,27
354,37.5
355,3
356,5
357,2
358,2.0
359,4.79
360,4.7
361,1.0
362,10
363,10
364,-0
365,300
366,130
367,175
368,80
369,60
370,1580
371,0.5
372,14
373,+4
374,5
375,0.6
376,3
377,11
378,12
379,6.86
380,9.8
381,55
382,20
383,-4
384,5
385,3
386,10
387,3
388,-53
389,267
390,300
391,4.5
392,1.5
393,6
394,6
395,30
396,50
397,24
398,193
399,88
400,112.5
401,+2
402,14
403,8
404,1.3
405,338.0
406,39.4
407,10
408,10
409,7
410,7
411,2
412,300
413,30000
414,9000
415,3
416,12
417,42
418,11
419,45
420,67500
421,357000
422,2
423,25
424,11
425,20.33
426,34.6
427,34.9
428,24.8
429,12000
430,26800
431,6000
432,0.2
433,0.3
434,6
435,30
436,135
437,200
438,1.6
439,0.4
440,24000
441,40000
442,60
443,10
444,264
445,48
446,0.425
447,2
448,3.5
449,1750000
450,9.8
451,14.2
452,2
453,4.5
454,3.5
455,1
456,3
457,1
458,156
459,3
460,45
461,55
462,1.5
463,7.5
464,30
465,30
466,12
467,4
468,1.00
469,0.20
470,4.4
471,94
472,230.5
473,"比较每种汽车的获利,B品种每辆汽车获利最多B"
474,1.12
475,92
476,27
477,+2
478,13
479,25
480,10
481,1.2
482,5.45
483,4.18
484,4
485,9
486,2
487,3.6
488,1.2
489,2
490,1
491,2.5
492,0.97
493,0.065
494,21
495,6
496,64
497,3000
498,4
499,2.94
500,2
501,2
502,20
503,1
504,40
505,40
506,1.5
507,82.5
508,26
509,50
510,3
511,1875
512,62.5
513,0.1
514,1
515,50
516,200
517,57.8
518,0.2143
519,20.3
520,1
521,0.3
522,204
523,+9.2
524,1.5
525,180
526,0.25
527,50
528,8
529,105.9
530,1
531,1
532,5
533,540
534,384
535,1
536,200
537,-0.22
538,3
539,2
540,48
541,2
542,0.5
543,12
544,4
545,2
546,96
547,3.8
548,2
549,36.2
550,4.8
551,45
552,12
553,2
554,9
555,71
556,2
557,14.2
558,24
559,104
560,1.2
561,100
562,104
563,100
564,15
565,470
566,25
567,0.49
568,191.3
569,8.0
570,1.5
571,3
572,4
573,8
574,4
575,92
576,70
577,80.67
578,7
579,7
580,10
581,6
582,98
583,2
584,+2
585,22
586,0.857142857
587,79.5
588,241.5
589,1
590,-0.1
591,10350
592,86.25
593,83.5
594,60.35
595,268
596,13
597,27
598,1.8
599,0.15
600,0.2
601,0.9
602,3
603,1250
604,199
605,1
606,65
607,345
608,870
609,14610
610,13
611,2.6
612,13
613,8.164
614,18.84
615,40
616,2
617,20
618,8
619,5
620,4
621,70
622,30
623,0.31
624,5
625,1500
626,13
627,15
628,125
629,4
630,85
631,111
632,3
633,64
634,1200
635,3040
636,4320
637,420
638,4.2
639,3.0
640,3.9
641,53
642,65
643,18.7
644,80
645,14.1
646,232.7
647,39.5
648,21.33
649,59
650,120
651,1.872
652,-4
653,26.1
654,2800
655,30
656,1.18
657,36
658,93.5
659,2
660,50
661,40
662,1.5
663,3400
664,3250
665,8.33
666,3.4
667,3.1
668,0.3
669,0.55
670,1270
671,20
672,1500
673,7.6
674,31.5
675,21.70
676,1.20
677,300
678,20
679,240
680,300
681,189
682,21
683,9
684,279
685,1550
686,6
687,300
688,332
689,660
690,0
691,70
692,7
693,15
694,1300
695,80
696,64
697,8
698,50
699,60
700,307
701,104
702,211
703,20
704,22
705,280
706,4000
707,20
708,15
709,10
710,75
711,15
712,970
713,2700
714,20
715,24000
716,40.00
717,8
718,14
719,7
720,55.5
721,3
722,2500
723,25
724,5
725,8
726,15
727,0.1962
728,0.1600
729,109
730,5.8
731,0.05
732,48
733,16
734,20
735,737
736,537
737,957
738,101
739,0
740,15
741,20
742,12
743,8
744,1
745,168
746,32
747,96
748,96
749,50
750,7.5
751,20
752,4.32
753,92
754,100
755,94
756,430
757,230
758,109
759,1100
760,9
761,10
762,0
763,210
764,10
765,1960
766,10.2
767,2.0
768,7.0
769,10
770,6
771,410
772,507
773,67
774,120
775,25
776,75
777,25
778,29
779,67
780,19.1
781,53.4
782,13.1
783,"表中已给出,在第二行第二列人工免疫"
784,"表中已给出,在第三行第四列呼吸作用"
785,"表中已给出,在第三行第三列脑"
786,"乙的方差小于甲,说明乙的成绩更稳定乙"
787,10.4
788,2.4
789,0.6
790,62
791,14
792,50
793,15
794,36
795,37
796,73
797,1833
798,2.08
799,263
800,100
801,60.288
802,30.14
803,135.65
804,16
805,25
806,38
807,25
808,"表中已给出,在第四行第三列稀硫酸"
809,表中第四行第三列给出。C
810,表中第三行第三列给出。C
811,7200
812,3840
813,7800
814,1
815,1200
816,"表中已给出,在第二行第三列水"
817,538
818,498
819,690
820,8
821,12
822,16
823,3
824,20
825,1
826,4200
827,4
828,3400
829,5.024
830,0.15
831,10.828
832,144
833,74
834,-47
835,80
836,5
837,5
838,5
839,18
840,6
841,60
842,60
843,6
844,0.09
845,12.87
846,12.94
847,"表中已给出,在第二行第五列干冰"
848,"表中已给出,在第二行第五列B"
849,181
850,2
851,300
852,4
853,1
854,84
855,38
856,28
857,10
858,7
859,0.8
860,0.5
861,+17
862,35
863,320
864,320
865,320
866,1888
867,1896
868,10634
869,0.561
870,0.104
871,0.002
872,18
873,16
874,34
875,144
876,20
877,3
878,27.3
879,1.1
880,79
881,4
882,1
883,3
884,13
885,16
886,0.4
887,2080
888,550
889,表中第三行第二列给出。工程振兴局
890,300
891,6
892,8
893,20
894,0
895,-10
896,5
897,5.5
898,2
899,12
900,7
901,12
902,14
903,13
904,12
905,11
906,100
907,120
908,75
909,700
910,300
911,400
912,3.9
913,36
914,10
915,165
916,23
917,13
918,1.09
919,129
920,5.0
921,10
922,20.0
923,366
924,216
925,24
926,29.5
927,35.0
928,142.5
929,5737
930,3.3
931,8
932,8
933,12
934,6
935,1875
936,60
937,57.14
938,36.89
939,1.43
940,20
941,100
942,98
943,18
944,20
945,120
946,8.18
947,22.9
948,1.62
949,108
950,144
951,180
952,44
953,47
954,12
955,225
956,625
957,375
958,50
959,30
960,0.2
961,3100
962,700
963,0.4
964,144
965,20
966,307
967,23.25
968,2
969,12
970,10
971,40
972,10
973,120000
974,1400000000
975,360
976,750
977,960
978,11
979,4
980,-3.0
981,4.0
982,-3.0
983,530
984,2200
985,1650
986,9
987,10
988,0
989,180
990,3
991,80.3
992,88
993,79
994,10
995,2.7
996,2.7
997,2.7
998,2.7
999,124
